pt	pensei que tinha perdido boina e caderno, mas na vdd, a gabriella que pegou, nojenta"
und	@ZEECorporate     A3) 5 continents #ZEE"
und	@eduarda_sam ui apxnd"
ka	сГЧсГФсГЪсГРсГХсГШ сГйсГЭсГТсГСсГгсГасГЧсГШсГб сГбсГРсГФсГасГЧсГРсГисГЭсГасГШсГбсГЭ сГвсГгсГасГЬсГШсГасГб сГЫсГРсГбсГЮсГШсГЬсГлсГЪсГЭсГСсГб: сГЧсГФсГЪсГРсГХсГисГШ сГесГРсГЪсГЧсГР сГУсГР сГЫсГРсГЫсГРсГЩсГРсГксГЧсГР сГбсГФсГасГЧсГРсГисГЭсГасГШсГбсГЭ сГвсГгсГасГЬсГШсГасГШ сГйсГЭсГТсГСсГгсГасГЧсГисГШ тАЬT... http://t.co/vzu6LgoLeH"
km	сЮвсЮ╢сЮУсЯБсЯЗсЮСсЮ╛сЮФсЮасЯЕсЮРсЮ╢ сЮШсЮ╕ сЮЦсЮ╖сЮПсЮФсЯТсЮЪсЮ╢сЮАсЮКсЮЦсЯТсЮЪсЯДсЯЗсЮКсЮ╗сЮПсЮШсЮ╖сЮУсЮЖсЯБсЯЗсЮСсЯБ сЮБсЮ╗сЮЯсЮЦсЮ╕ сЮШсЮ╕сЮЩсЮ╜сЮУ сЮКсЮ╗сЮПсЮСсЯЕсЮЖсЯБсЯЗсЮЪсЮЫсЮ╜сЮЩсЮКсЮ╝сЮЕ сЮЗсЯРсЮЪсЮАсЯЕсЮЯсЯКсЮ╝ http://t.co/0HHJkFT1tD"
sv	@lisaginell Jaa verkligen,v├дrldens b├дsta typ som sm├е hundar :')"
nl	Inpakken voor Rastede! :) Nu hoop ik eiglk dat alles in 1 weekendtas past..."
da	@koefoed Der fik han lige 500 XP."
fa	╪з█М┘Ж ╪и┌Ж┘З ┘З╪з ┌Ж┘З ┘В╪п╪▒ ╪к┘И ┘И╪з█М╪и╪▒ ┌п╪▒┘И┘З ╪к╪┤┌й█М┘Д ┘Е█М╪п┘Ж..█М╪╣┘Ж█М ┘З┘Е┘З ╪м┌й╪з┘Ж ╪▒┘И ┘Ж┘Е█М╪к┘И┘Ж┘Ж ╪к┘И ┘З┘Е┘И┘Ж ┌п╪▒┘И┘З ┌й┘╛█М ┌й┘Ж┘Ж╪Я:/"
it	C'├и un umidit├а assurdaЁЯТзЁЯТзЁЯТз"
pa	риЗри╣ риорйБри╣рй▒римрид риХри░рии ри╡ри╛ри▓рйЗ ри▓рйЛриХ риири┐ри░рйЗ риорйВри░риЦ ри╣рйБрй░рижрйЗ ри╣рии рйЩрйНрйЫри╛риирйЗ рижрйА риХрйБрй░риЬрйА риЖрикрйЗ\nри╣рйА риХри┐ри╕рйЗ римри┐ри╣ри╛риирйЗ риирйВрй░ ри╕рйМриВрик рижри┐рй░рижрйЗ ри╣рии,ридрйЗ рйЮрйЗри░ риЖрикрйНригрйЗ... http://t.co/PcfxbpfzxA"
und	heol"
und	Derbyshire 62/2 (21.4 ov) #cricket #fifa14 #FIFAWorldCup 267"
de	Ich habe 71,530 Goldm├╝nzen gesammelt! http://t.co/PwPNZDFUVy #android, #androidgames, #gameinsight"
not_fi	@stevenlongo_33 oh myy ЁЯЩК"
en	Laura Sullivan  Photographer: Daniel Hoyt  MUA: Morgan Panter  Latex Designer: Pandora Deluxe http://t.co/ZNDX6zWhTh"
ckb	KIA Sportage 2012\n╪и█Ж ╪▓╪з┘Ж█М╪з╪▒█М ╪▓█М╪з╪к╪▒ ┌й┘Д█М┌й ┘Д█Х╪│█Х╪▒ ╪ж█Х┘Е ┘Д█М┘Ж┌й█Х█М ╪о┘И╪з╪▒█Х┘И█Х ╪и┌й█Х\nhttp://t.co/LOYogDyKB6"
ur	@Usman_Saeed4 ╪п┘Ж█М╪з ┌й█Т ╪и╪п╪к╪▒█М┘Ж ╪м╪з┘Ж┘И╪▒ ╪│█Т ╪и█Б█М ╪и╪п╪к╪▒ █Б█Т ┘И█Х"
bn	- ржмрзИржжрзНржпржШрзЛржирж╛рзЯ рзк ржЬржиржХрзЗ ржкрж┐ржЯрж┐рзЯрзЗржЫрзЗ рж╕ржирзНрждрзНрж░рж╛рж╕рзАрж░рж╛ --- http://t.co/BJiMTxm1QJ http://t.co/3RXI56fwnH"
und	treze #MTVHottest Demi Lovato"
sd	┘╛╪з┌к╪│╪к╪з┘Ж ╪м┘К ┘Е┘И╪м┘И╪п┘З ╪│┘К╪з╪│┘К ╪╡┘И╪▒╪к╪н╪з┘Д╪М  тАЭ╪│┌М┘К ┌│╪з┘Д┘ЗтАЭ\nby @javeednusrat\n#SindhExpress News Story http://t.co/nqjIk0P1DB"
ml	р┤Йр┤ор╡Нр┤ор┤ир╡НтАН р┤Ър┤╛р┤гр╡Нр┤Яр┤┐р┤пр╡Бр┤Яр╡Ж р┤ор╡Зр┤зр┤╛р┤╡р┤┐р┤др╡Нр┤╡р┤др╡Нр┤др┤┐р┤ир╡Жр┤др┤┐р┤░р╡Ж р┤╕р╡Бр┤зр╡Ар┤░р┤ир╡НтАН-р┤░р┤ор╡Зр┤╢р╡Н р┤Ер┤Ър╡Нр┤Ър╡Бр┤др┤гр╡Нр┤Яр╡Н р┤░р╡Вр┤кр┤кр╡Нр┤кр╡Жр┤Яр╡Бр┤ир╡Нр┤ир╡Б - Malayalam News... http://t.co/jFnH8DQ8rP"
mr	рдЖрдЬ рдлрд╛рд░ рдореЛрдард╛ рдРрддрд┐рд╣рд╛рд╕рд┐рдХ рджрд┐рд╡рд╕ рдЕрд╣реЗ. рдЖрдЬрдЪреНрдпрд╛рдЪ рджрд┐рд╡рд╢реА рддреА рдкрд╡рди рдЦрд┐рдВрдбреАрддреАрд▓ рдЪрд┐рддреНрддрдерд░рд╛рд░рдХ рд▓рдврд╛рдИ рдШрдбрд▓реА .\nремрежрежреж рд╡рд┐рд░реБрджреНрдз рейрежреж рдЬрдг рд▓рдврд▓реЗрдЪ рдХрд╕реЗ... http://t.co/wy7sXSjSgA"
not_bg	@IDiedLastSummer ╨╛╤Д╨╛╤А╨╝╨░ ╨║╤Г╨╗"
zh-TW	@missA_jia чд╛цЬГщЧЬцЗ╖я╝Мчд╛цЬГцЕЛх║жхТМцАЭч╢нч┐ТцЕгч╣╝ч║МуАВ"
lo	р║Хр║▒р║Бр║Ър║▓р║Фр║Хр║нр║Щр╗Ар║Кр║╗р╗Йр║▓р║Бр║▒р║Ър║Др║╗р║Щр║Зр║▓р║бр╗Гр║Ир║Ър║╕р║Щ\nр║бр║╡р║ор║╣р║Ър║кр║▓р║зр║Зр║▓р║б, р╗Бр║Щр║░р║Щр║│р║кр║▓р║зр╗Ьр╗Йр║▓р║ор║▒р║Бр║кр║╗р╗Ир║Зр║бр║▓р╗Ар║ер║╡р║Н\n---------------------------------------------... http://t.co/MS3Zridmv1"
ru	╨Ю╨┐╤Г╨▒╨╗╨╕╨║╨╛╨▓╨░╨╜╨╛ ╤Д╨╛╤В╨╛ http://t.co/6rxxc3LEzw"
el	╬Ф╧Б╧Е╬┐╧В ╧А╬╡╧Г╧Г╬┐╧Е╧Г╬╖╧В, ╧А╬▒╧В ╬▒╬╜╬╖╧Б ╬╛╬╖╬╗╬╡╧Е╬╡╧Д╬▒╬╣ ..... \n╬Ф╬╣╬▒╬▓╬▒╧Г╧Д╬╡ ╧Г╧З╬┐╬╗╬╣╬▒ ╬│╬╣╬▒ ╧Д╬┐╬╜ ╬▒╬│╧Й╬╜╬▒ ╬║╬▒╬╣ ╬╕╬▒ ╬║╬▒╧Д╬▒╬╗╬▒╬▓╬╡╧Д╬╡ ╧Д╬╣ ╬╡╬╜╬╜╬┐╧Й ...\n╬Х╬╗╬╡╬┐╧В !!!!!"
es	No tengo nada contra ├йl heavy metal, pero pienso qu├й esta sobrevalorado.. ritmicamente.. #music #fuckoff.. ЁЯО╕"
ps	╪п ╪з┘Д╪м╪▓╪з┘К╪▒█Н ╪з┘Д┘И╪к┌й█Р ┘╝┘И┘╝█Р ┘Е╪з┘Д┘К ┌й█Р ┘И┘Е┘И┘Ж╪п┘Д ╪┤┘И█Р http://t.co/KK0WJy72X4"
tr	@hmmcokkomik Sen kes aptalllllllllllllll."
lo	р╗Ар║Ър║┤р╗Ир║Зр╗Бр║ер╗Йр║з р║бр╗Ир║зр║Щр╗Ж! http://t.co/8QvwfaE2yD"
ru	╨Т ╨б╨░╤А╨░╤В╨╛╨▓╨╡ ╤Б╨▒╨╕╨╗╨╕ ╨┐╨╡╤И╨╡╤Е╨╛╨┤╨░ #╨б╨░╤А╨░╤В╨╛╨▓\nhttp://t.co/cE9Dhj49EV http://t.co/OwxyuIKwBR"
ta	@raakkiganesh роироорпНрокродрпНродроХрпБроирпНрод роЪрпЖропрпНродро┐ родро╛ройрпН..родро┐ро░рпБрокрпНрокродро┐ропро┐ро▓рпН роХро▓рпНропро╛рогроорпН рокрогрпНрогро┐роХро┐роЯрпНроЯро╛роЩрпНроХ"
no	Mann siktet for voldtekt i Stavanger http://t.co/tibrNLgN5X"
de	@LINKE_LTSachsen aber ihr seid doch Kommunisten?"
hi-Latn	Basanti: Bhaag Dhanno bhag, aaj Basanti k Tamatar ka sawal hai.\nDhanno: Tujhe Tomato ki padi hai. Mere Chane ka kya hoga?\n#TomatoKeSholay"
en	@GazaTVNews: Bolivia declares Israel a terrorist state http://t.co/Jr10YbfPv9"
pl	@hockeyrauhl jeste┼Ы sama z bratem?ЁЯШж"
hy	News.am ╘▒╒╢╒б╒┤╒╕╒й╒л ╒╢╒┤╒б╒╢ ╒г╒╕╒▓╒е╒г╒╕╒▓ ╒е╒п╒б╒╛ ╒╕╓В ╒г╒╢╒б╓Б. ╒г╒╡╒╕╓В╒▓╒╢╒б╒н╒б╓А╒б╓А╒и ╒╣╒л ╒б╒╡╓Б╒е╒м╒е╒м ╒З╒л╓А╒б╒п╒л╒Э ╒б╒┤╒е╒╢╒л╓Б ╒╖╒б╒┐ ╒┐╒╕╓В╒к╒б╒о ╒░╒б╒┤╒б╒╡╒╢╓Д╒╢╒е╓А http://t.co/beOWQzChGY"
sd	╪│┘Ж┌М ╪м┘К ╪и╪м┘К┘╜ http://t.co/0uKjrlXx67"
ar	╪▒╪з╪н ╪▒┘Е╪╢╪з┘Ж ┘И╪и╪з┘В┘К ╪з┘Д╪о┘К╪▒ ┘Д╪з╪▓╪з┘Д\n      ╪з┘Д┘Б╪╢┘Д ┘Е┘Ж ╪▒╪и┘К ╪╡┘Ж┘И┘Б┘З ┘Е╪╖┘Д┘З\n\n╪н╪и┘К╪к ╪г╪░┘Г╪▒┘Г┘Е ╪╣┘Д┘Й ╪│╪к ╪┤┘И╪з┘Д\n   ┘Е┘Ж ╪╡╪з┘Е┘З╪з ╪╡┘И┘Е┘З ╪╣┘Ж ╪з┘Д╪п┘З╪▒ ┘Г┘Д┘З .."
zh-TW	шФгц╜ФцХПщА▓хЬЛш│ЗхзФцШпхМЧф║мф╕НцГ│цЙУшНЙщйЪшЫЗ: шФгц╜ФцХПхТМф╗ЦчЪДф╕нчЯ│ц▓╣шЕРцХЧщЫЖхЬШ\n\nуАКцФ┐ч╢УуАЛчЙ╣ч┤ДшиШшАЕуААшОлц╜н\n\nшк┐ф╗╗хЬЛш│ЗхзФф╕╗ф╗╗ ц╗┐ф┐бчо▒хЕишИЙха▒ф┐б\n\nшк┐ф╗╗хЬЛш│ЗхзФф╕╗ф╗╗хГЕхНКх╣┤х╛Мя╝МшФгц╜ФцХПф╛┐хЫац╢ЙхлМхЪ┤щЗНщБХч┤АшАМшР╜щжмя╝Мх╛ЮшАМф╣ЯцККхЬЛш│ЗхзФцОиф╕КщвихПгц╡кх░ЦуАВф╕НщБОя╝МхЬЛш│ЗхзФ... http://t.co/jFOyZiBPuZ"
km	[ News ] -  сЮШсЮАсЮЩсЮЫсЯЛсЮКсЮ╣сЮД! сЮвсЮПсЯТсЮРсЮФсЯТсЮЪсЮЩсЯДсЮЗсЮУсЯН сЮКсЯПсЮЯсЮШсЯТсЮФсЮ╝сЮЪсЮФсЯВсЮФсЮСсЮ╢сЯЖсЮД сЯбсЯа сЮЪсЮФсЮЯсЯЛ сЮХсЯТсЮЫсЯВсЮШсЮДсЯТсЮГсЮ╗сЮП сЮЯсЯЖсЮЪсЮ╢сЮФсЯЛсЮЯсЮ╗сЮБсЮЧсЮ╢сЮЦ Daily News, Health http://t.co/DZzwVIOKqn"
und	7,199"
und	20 #MTVHottest Iggy Azalea Rita Ora Ellie Goulding Shakira Lana Del Rey"
not_sl	na lja fazendo ronda na madrugada"
ko	уГЭуГГуГЭтЭд\"@BeautifulJyh: ыШРыШРэВдьКдуЕЛуЕЛ\"@giho1003: ьЪйэЩФьЭШ We love youтЩе!  ьШдыКШ эХШыгиыПД ьвЛьЭА эХШыгиъ░А ыРа ъ▓Г ъ░ЩьХД^^ http://t.co/H4asUg58DT\"\""
hy	@Tihana27 @mgoongie  ╒б╒╜╒╕╓В╒┤ ╒е╒┤╓Й ╒┤╒л╒б╒╢╒╖╒б╒╢╒б╒п ╒п╒б ╒┐╒е╒╢╓Б ╒в╒б╒╢ ЁЯШКЁЯШК"
sv	@MFGill @ulfsandqvist n├д, burning och mushi ├дr typ b├дsta spelarna"
vi	Gс╗нi h├аng ─Сi Cam Pu Chia chuy├кn nghiс╗Зp tс║бi Tp HCM H├а Nс╗Щi http://t.co/OIsVf8zbJu"
und	@flyingirishoran afern gshssgjsjahjsh"
ko	ынРьЪФ ьЭ┤ ъ╕░ьГЭь╜йы▓МыаИьХ╝уЕбуЕб"
hi	рдЕрдЧрд░ рдЦреБрджрд╛ рдирд╣реАрдВ рд╣реЗ рддреЛ рдЙрд╕рдХрд╛ реЫрд┐рдХреНрд░ рдХреНрдпреЛрдВ ??\nрдФрд░ рдЕрдЧрд░ рдЦреБрджрд╛ рд╣реЗ рддреЛ рдлрд┐рд░ рдлрд┐рдХреНрд░ рдХреНрдпреЛрдВ ???"
hy	┬л╘┐╒б╒╢╒б╒╣ ╒┤╒б╓А╒д╒╕╓В╒п╒╢╒е╓А╒л┬╗ ╒╜╒б╒д╓А╒б╒╢╓Д╒и ╒А╒б╒╡╒б╒╜╒┐╒б╒╢╒л ╒╕╓В ╒О╓А╒б╒╜╒┐╒б╒╢╒л ╒д╒е╒┤ http://t.co/nTEkgeC2my"
pl	@biebeseIfie ┼Ыmieszny, cycu na niego tez m├│wimy, nawet nauczyciele haha"
de	@n8gedanken Ich hatte gleich den Einduck,dass es eigentlich gar nicht darum ging. Das M├дdchen hatte wohl Migrationshintergrund."
my	сАбсБ╛сААсАЩсА╣сА╕сАЦсААсА╣сАЩсВИ сВПсА╜сАнсАЩсА╣сАФсАДсА╣сА╕сАЫсАмсАРсА╝сАДсА╣ сАЮсАпсА╢сА╕сАЩсАКсА╖сА╣ сАЬсААсА╣сАФсААсА╣сАЩсА║сАмсА╕ сАЩсВПсБ▓сА▒сАЬсА╕ сАЫсА▓сАРсАХсА╣сАЦсА╝сА▓сВФсАСсА╢ сА▒сАХсА╕сАХсАнсАпсВФ\nSunday, July 6, 2014... http://t.co/Zb0VbtwUzB"
my	DVB - сАЯсА╝сАФсА╣сА╕сАРсАосА╕ сАбсА▒сАЬсА╕сА╗сАХсА│ (сА▒сА╗сАЩсАмсААсА╣сАесААсБасАЬсАмсАХ) 20141907 http://t.co/RDhSB9dMQg"
not_ht	тЬМя╕П out LA http://t.co/pDgkxtg26e"
pa	риЕри╕рйА риЬри┐риЙриВрижрйЗ риЖри╕ри░рйЗ ридрйЗри░рйЗ ри╣ри╛риВ,,,,\nриири╛ ридрйЗри░рйЗ римри┐риири╛ риЧрйБриЬри╝ри╛ри░ри╛ риП....є╛░Я\n\nриЫрй▒рибрйА риири╛риВ риЫрй▒рибрйА риири╛риВ ри╕рй▒риЬригри╛, ри╕ри╛риирйВрй░ ридрйЗри░ри╛ ри╕ри╣ри╛ри░ри╛ риП..... http://t.co/3BfLe6ROkL"
he	@talgilor ╫Ь╫Щ╫Р╫Ь, ╫Р╫а╫Щ ╫Ю╫С╫з╫й ╫Ь╫Р ╫Ь╫Ф╫У╫Ч╫г ╫Ь╫Ю╫Щ╫а╫й╫Х╫а╫Щ╫Э.\n╫к╫Х╫У╫Ф."
not_und	ЁЯЗйЁЯЗкЁЯЗйЁЯЗкЁЯЗйЁЯЗкЁЯЗйЁЯЗкЁЯЗйЁЯЗкЁЯЗйЁЯЗкЁЯЗйЁЯЗкЁЯЗйЁЯЗкЁЯЗйЁЯЗкЁЯЗйЁЯЗкЁЯЗйЁЯЗкЁЯЗйЁЯЗк"
id	@dikabackkids dadi arek ojo mung mabuk wae ra mikir"
und	#kampanj #Deal Acer Aspire ATC-605-UB11 Intel Quad Core i5-4440 3.1GHz 1TB Windows 8.1 Desktop http://t.co/NVlT2jfFiL via @BlueWaterMarket"
si	р╢Ьр╖Фр╖Ар╢▒р╖Кр╢нр╖Ьр╢зр╖Фр╢┤р╖Ьр╖Ер╖Щр╢▒р╖К р╢Ьр╖Фр╖Ар╢▒р╖Кр╢Ьр╢н р╢Ър╖Е р╢║р╖Пр╢▒р╢║р╢Ър╖К... http://t.co/prGPQyNR9n"
und	@quickbooksin ans 4.Sri Aurobindo #happyCAday 10"
bn	ржЦрж╛рж▓рзЗржжрж╛ржХрзЗ рж╕рж╛ржЧрж░рзЗ рж╕рж╛ржБрждрж░рзЗ рждрж╛рж▓ржкржЯрзНржЯрж┐ ржЦрзЛржБржЬрж╛рж░ ржкрж░рж╛ржорж░рзНрж╢ ржоржирзНрждрзНрж░рж┐рж╕ржнрж╛рж░ - http://t.co/zBfdVFFIRs http://t.co/TNise3eWRQ"
cs	@SuriTheCat Obzvlaste na velmi mlade lidi pod metr? ;-)"
und	MUET (@ Universiti Sultan Zainal Abidin (UniSZA)) http://t.co/CZ5355mKoS"
ar	тЭЮтЭА┬╕ ╪з┘Д╪к╪г┘Ж┘К ┘Б┘К ┘Г┘Д ╪┤┘К╪б ╪н╪│┘Ж ╪е┘Д╪з ┘Б┘К ╪л┘Д╪з╪л ╪о╪╡╪з┘Д : ╪╣┘Ж╪п ┘И┘В╪к ╪з┘Д╪╡┘Д╪з╪й ╪М ┘И╪╣┘Ж╪п ╪п┘Б┘Ж ╪з┘Д┘Е┘К╪к ╪М ┘И╪з┘Д╪к┘И╪и╪й ╪╣┘Ж╪п ╪з┘Д┘Е╪╣╪╡┘К╪й ╪г╪и┘И ╪и┘Г╪▒ ╪з┘Д┘И╪з╪│╪╖┘К*"
ps	╪з┘И ┌й┘З ╪▓┘З ╪о╪и╪▒ ┘И╪з┘К ┌Ж█Р ╪и┘К┘Д╪к┘И┘Ж ╪п┘К\n\n┘Е╪з ╪и┘З ╪м╪з┘Ж╪з┘Ж ┘Д┘З ┘Д╪з╪│ ┘Ж┘К┘И┘Д┘К ┌л╪▒┌Б╪з┘И┘И┘Ж┘З"
te	р░ор▒Бр░Вр░мр▒И: р░╖р░┐р░░р▒Нр░бр▒А р░╕р░╛р░пр░┐р░мр░╛р░мр░╛ р░╕р░Вр░╕р▒Нр░ер░╛р░ир▒Н р░Жр░зр▒Нр░╡р░░р▒Нр░пр░Вр░▓р▒Л р░ир░┐р░░р▒Нр░╡р░╣р░┐р░╕р▒Нр░др▒Бр░ир▒Нр░и р░И р░╡р▒Зр░бр▒Бр░Хр░▓р▒Нр░▓р▒Л р░нр░╛р░Чр░Вр░Чр░╛ р░╢р░ир░┐р░╡р░╛р░░р░В р░кр░▓р▒Б р░кр▒Вр░Ьр░╛ р░Хр░╛р░░р▒Нр░пр░Хр▒Нр░░р░ор░╛р░▓р▒Б р░ир░┐р░░р▒Нр░╡р░╣р░┐р░Вр░Ър░╛р░░р▒Б."
zh-TW	@xuan_yeo хС╡хС╡я╝МшжБчЬЛцИСч╜╡ф║Жф╗Ащ║╝хЧО?ЁЯШПЁЯШП"
ta	роорпЛроЯро┐ропрпБроЯройрпН роЪро┐роЩрпНроХрокрпНрокрпВро░рпН роЕроорпИроЪрпНроЪро░рпН роЪроирпНродро┐рокрпНрокрпБ: тАШроЕройрпИро╡ро░рпБроХрпНроХрпБроорпН ро╡рпАроЯрпБтАЩ родро┐роЯрпНроЯроорпН рокро▒рпНро▒ро┐ роЖро▓рпЛроЪройрпИ #роЪро┐ро▒рпБроЪро╛ роЗро░рпБроирпНродро╛ро▓рпБроорпН ok роХрпКроЮрпНроЪроорпН strong роЖ роЗро░рпБроХрпНроХроЯрпНроЯрпБроорпНроХрпЛ.."
lv	┼аom─Уnes bufet─У uzst─Бsies Dj Markus Riva,Ai-va,Alex O, Pm2theAm un Dj Rudd. Gaidam ciemos Liep─Бjas pludmal─У!"
lo	р║Др╗Йр║▓р║Щ Post р╗Бр║ер╗Йр║з!! р╗Ар║бр║╖р╗Ир║нр║Н...!!\nр║нр║╡р╗Ир║лр║Нр║▒р║Зр║Бр║░р╗Др║Фр╗Й р║Хр║▓р║бр╗Бр║Хр╗Ир╗Гр║И...\nGermany 1:0 Argentina &gt;&lt;┬┤┬┤"
und	Ethyl get 1 3"
ru	╨Э╨░╤И╨╗╨░ ╤В╨╛╨│╨╛, ╨║╨╛╨│╨╛ ╨╗╤О╨▒╨╕╨╗╨░тЭдя╕П http://t.co/ubEMmKPjEx"
it	@prfmike OVVIO... ODDIO POI SEMBRO PATTY"
hy	╒О╒б╓А╒╣╒б╒║╒е╒┐╒и ╘╡╒П╒Д-╒л╒╢ ╒б╒╢╒д╒б╒┤╒б╒п╓Б╒е╒м╒╕╓В ╒╢╒╕╓А ╒к╒б╒┤╒п╒е╒┐ ╒з ╒░╓А╒б╒║╒б╓А╒б╒п╒╕╓В╒┤ (╒┐╒е╒╜╒б╒╢╒╡╒╕╓В╒й) http://t.co/WbduGiAc6J"
not_und	@naisaluuis ├й?"
und	Free Gee ЁЯФУЁЯФС"
en	#5: Bonavita 1-Liter Variable Temperature Digital Electric Gooseneck Kettle: Bonavita 1-Liter Variable... http://t.co/ySy7sRkbzA"
es	Rachel McAdams todav├нa cree en el amor┬аverdadero http://t.co/tn7HgP1FJs"
bn	тАШржПржЦржи ржлрж┐рж░рж╛ржмрзЗ рждрж╛рж░рзЗ ржХрзАрж╕рзЗрж░ ржЫрж▓рзЗ,\nржмрж┐ржжрж╛рзЯ ржХрж░рзЗржЫ ржпрж╛рж░рзЗ ржирзЯржи-ржЬрж▓рзЗред тАУ\nржЖржЬрж┐ ржоржзрзБ рж╕ржорзАрж░ржгрзЗ\nржирж┐рж╢рзАржерзЗ ржХрзБрж╕рзБржо-ржмржирзЗ,\nрждрж╛рж░рзЗ ржХрж┐ ржкрзЬрзЗржЫрзЗ ржоржирзЗ... http://t.co/TcGcVxoZqV"
vi	T├┤i ─С├г ─С─Гng tс║гi с║гnh mс╗Ыi l├кn Facebook http://t.co/CO8Cm24Tqs"
und	ziro #MTVHottest Iggy Azalea"
it	@nicole_gabri io sono un esperto..... vuoi una consulenza?"
hu	Harem Scarem - Pool Party sz├╢veg ├йs a ford├нt├бsok http://t.co/5ur13VsroC"
not_ne	Sony max рд▓рдЧрд╛ рдбрд╛рд▓рд╛ рддреЛ рд▓рд╛рдИрдл рд╕реВрд░реНрдпрд╡рдВрд╢рдо рд▓рд╛рд▓рд╛"
no	Lind├еs - Status: Vassbygdvegen , ingen brann , tydelige skader etter lynnedslag. Litlev├еgsbrotet , brannen slukket ,  etterslukking."
not_fi	@maju_pie idiota"
my	сАбсАЫсАДсА╣сААсАШсАмсА▒сАРсА╝сАЫсА╜сАпсАХсА╣сАБсА▓сА╖сАЬсА▓сАДсАлсА╖сАШсААсА╣сААсАЕсАнсАРсА╣сАЩсБАсАДсА╣сАЕсАмсА╕сАШсА░сА╕\nсАШсАЪсА╣сАЮсА░сАФсА▓сА╖сАШсАЪсА╣сААсАнсАпсАЩсАЮсА╝сАмсА╕сА╕сАЫсАШсА░сА╕сАДсАлсА╖сАШсААсА╣сААсАХсАнсАРсА╣сАХсАДсА╣сАЩсАСсАмсА╕сАШсА░сА╕сБЛ... http://t.co/6mJAjrpOD9"
tr	@rabiagarip69 o pahal─▒ hediye yi her insan ta┼Я─▒yabilir mi?!"
not_fi	nossa"
pa	рй│рйБри╕ риХрйБрйЬрйА риири╛ри▓ риЧрй▒ри▓ риири╛ риХри░рйАриП,риЬри┐ри╣риирйВрй░ риЖрикригрйЗ ридрйЗ\nриЧри░рйВри░ ри╣рйЛри╡рйЗ ,\nриХрйБрйЬрйА рикри┐рй▒риЫрйЗ риХрижрйА рипри╛ри░ риири╛ риЫрй▒рибрйАриП,ринри╛риВри╡рйЗ ри▓рй▒риЦ рикри░рйАриЖриВ рижрйА ри╣рйВри░ ри╣рйЛри╡рйЗ."
ta	Ennaku periya list irukku \"@itzNandhu: роЪро┐ро▓ро░рпИ рокро┐роЯро┐роХрпНроХро╛рооро▓рпН рокрпЛро╡родро▒рпНроХрпБ роироороХрпНроХрпБрокрпН рокро┐роЯро┐родрпНродро╡ро░рпБроХрпНроХрпБрокрпНрокро┐роЯро┐родрпНродро╡ро░рпН роОройрпНро▒ роХро╛ро░рогроорпН рокрпЛродрпБрооро╛ройродро╛роХропро┐ро░рпБроХрпНроХро┐ро▒родрпБ...\""
ml	р┤Жр┤жр┤╛р┤п р┤ир┤┐р┤Хр╡Бр┤др┤┐ р┤кр┤░р┤┐р┤зр┤┐ 2.5 р┤▓р┤Хр╡Нр┤╖р┤В... http://t.co/q8EBimaENE"
pt	Bateu no meu port├гo com l├бgrimas no rosto, quase que eu sinto o gosto quando lembro dela assim."
